image,image_path,xmin,ymin,xmax,ymax,label,confidence,x_size,y_size
view_vulnerable_1562277843_10_4_2+MAYNARD+ST+SAN+FRANCISCO+Permit-Submitted-CFC-Required-by-9-15-20.jpg,/home/ubuntu/EQanalytics/Data/Street_View_Images/vulnerable/Permit-Submitted-CFC-Required-by-9-15-20/view_vulnerable_1562277843_10_4_2+MAYNARD+ST+SAN+FRANCISCO+Permit-Submitted-CFC-Required-by-9-15-20.jpg,0,223,48,469,0,0.4298732280731201,640,640
view_vulnerable_1562277843_10_4_2+MAYNARD+ST+SAN+FRANCISCO+Permit-Submitted-CFC-Required-by-9-15-20.jpg,/home/ubuntu/EQanalytics/Data/Street_View_Images/vulnerable/Permit-Submitted-CFC-Required-by-9-15-20/view_vulnerable_1562277843_10_4_2+MAYNARD+ST+SAN+FRANCISCO+Permit-Submitted-CFC-Required-by-9-15-20.jpg,14,101,634,494,0,0.9885204434394836,640,640
view_vulnerable_1562277841_10_4_100+SHOTWELL+ST+SAN+FRANCISCO+Permit-Submitted-CFC-Required-by-9-15-20.jpg,/home/ubuntu/EQanalytics/Data/Street_View_Images/vulnerable/Permit-Submitted-CFC-Required-by-9-15-20/view_vulnerable_1562277841_10_4_100+SHOTWELL+ST+SAN+FRANCISCO+Permit-Submitted-CFC-Required-by-9-15-20.jpg,24,209,403,510,0,0.16764013469219208,640,640
view_vulnerable_1562277841_10_4_100+SHOTWELL+ST+SAN+FRANCISCO+Permit-Submitted-CFC-Required-by-9-15-20.jpg,/home/ubuntu/EQanalytics/Data/Street_View_Images/vulnerable/Permit-Submitted-CFC-Required-by-9-15-20/view_vulnerable_1562277841_10_4_100+SHOTWELL+ST+SAN+FRANCISCO+Permit-Submitted-CFC-Required-by-9-15-20.jpg,2,0,544,501,0,0.8985891938209534,640,640
view_vulnerable_1562277843_10_4_3449+22ND+ST+SAN+FRANCISCO+Permit-Submitted-CFC-Required-by-9-15-20.jpg,/home/ubuntu/EQanalytics/Data/Street_View_Images/vulnerable/Permit-Submitted-CFC-Required-by-9-15-20/view_vulnerable_1562277843_10_4_3449+22ND+ST+SAN+FRANCISCO+Permit-Submitted-CFC-Required-by-9-15-20.jpg,0,204,44,452,0,0.7650406360626221,640,640
view_vulnerable_1562277843_10_4_3449+22ND+ST+SAN+FRANCISCO+Permit-Submitted-CFC-Required-by-9-15-20.jpg,/home/ubuntu/EQanalytics/Data/Street_View_Images/vulnerable/Permit-Submitted-CFC-Required-by-9-15-20/view_vulnerable_1562277843_10_4_3449+22ND+ST+SAN+FRANCISCO+Permit-Submitted-CFC-Required-by-9-15-20.jpg,70,164,537,456,0,0.9396524429321289,640,640
view_vulnerable_1562277841_10_4_12+OAKWOOD+ST+SAN+FRANCISCO+Permit-Submitted-CFC-Required-by-9-15-20.jpg,/home/ubuntu/EQanalytics/Data/Street_View_Images/vulnerable/Permit-Submitted-CFC-Required-by-9-15-20/view_vulnerable_1562277841_10_4_12+OAKWOOD+ST+SAN+FRANCISCO+Permit-Submitted-CFC-Required-by-9-15-20.jpg,201,0,576,540,0,0.12657523155212402,640,640
view_vulnerable_1562277841_10_4_12+OAKWOOD+ST+SAN+FRANCISCO+Permit-Submitted-CFC-Required-by-9-15-20.jpg,/home/ubuntu/EQanalytics/Data/Street_View_Images/vulnerable/Permit-Submitted-CFC-Required-by-9-15-20/view_vulnerable_1562277841_10_4_12+OAKWOOD+ST+SAN+FRANCISCO+Permit-Submitted-CFC-Required-by-9-15-20.jpg,24,0,399,539,0,0.49631544947624207,640,640
view_vulnerable_1562277841_10_4_12+OAKWOOD+ST+SAN+FRANCISCO+Permit-Submitted-CFC-Required-by-9-15-20.jpg,/home/ubuntu/EQanalytics/Data/Street_View_Images/vulnerable/Permit-Submitted-CFC-Required-by-9-15-20/view_vulnerable_1562277841_10_4_12+OAKWOOD+ST+SAN+FRANCISCO+Permit-Submitted-CFC-Required-by-9-15-20.jpg,0,0,640,530,0,0.9895581007003784,640,640
view_vulnerable_1562277842_10_4_1311+48TH+AV+SAN+FRANCISCO+Permit-Submitted-CFC-Required-by-9-15-20.jpg,/home/ubuntu/EQanalytics/Data/Street_View_Images/vulnerable/Permit-Submitted-CFC-Required-by-9-15-20/view_vulnerable_1562277842_10_4_1311+48TH+AV+SAN+FRANCISCO+Permit-Submitted-CFC-Required-by-9-15-20.jpg,2,191,145,462,0,0.9130939841270447,640,640
view_vulnerable_1562277842_10_4_1311+48TH+AV+SAN+FRANCISCO+Permit-Submitted-CFC-Required-by-9-15-20.jpg,/home/ubuntu/EQanalytics/Data/Street_View_Images/vulnerable/Permit-Submitted-CFC-Required-by-9-15-20/view_vulnerable_1562277842_10_4_1311+48TH+AV+SAN+FRANCISCO+Permit-Submitted-CFC-Required-by-9-15-20.jpg,506,230,630,439,0,0.9909932613372803,640,640
view_vulnerable_1562277842_10_4_1311+48TH+AV+SAN+FRANCISCO+Permit-Submitted-CFC-Required-by-9-15-20.jpg,/home/ubuntu/EQanalytics/Data/Street_View_Images/vulnerable/Permit-Submitted-CFC-Required-by-9-15-20/view_vulnerable_1562277842_10_4_1311+48TH+AV+SAN+FRANCISCO+Permit-Submitted-CFC-Required-by-9-15-20.jpg,150,224,503,439,0,0.9957175254821777,640,640
view_vulnerable_1562277823_10_3_50+GARDENSIDE+DR+SAN+FRANCISCO+Work-Complete-CFC-Issued.jpg,/home/ubuntu/EQanalytics/Data/Street_View_Images/vulnerable/Work-Complete-CFC-Issued/view_vulnerable_1562277823_10_3_50+GARDENSIDE+DR+SAN+FRANCISCO+Work-Complete-CFC-Issued.jpg,47,133,542,474,0,0.982426643371582,640,640
view_vulnerable_1562277815_10_4_2395+35TH+AV+SAN+FRANCISCO+Work-Complete-CFC-Issued.jpg,/home/ubuntu/EQanalytics/Data/Street_View_Images/vulnerable/Work-Complete-CFC-Issued/view_vulnerable_1562277815_10_4_2395+35TH+AV+SAN+FRANCISCO+Work-Complete-CFC-Issued.jpg,2,208,209,450,0,0.12176702171564102,640,640
view_vulnerable_1562277815_10_4_2395+35TH+AV+SAN+FRANCISCO+Work-Complete-CFC-Issued.jpg,/home/ubuntu/EQanalytics/Data/Street_View_Images/vulnerable/Work-Complete-CFC-Issued/view_vulnerable_1562277815_10_4_2395+35TH+AV+SAN+FRANCISCO+Work-Complete-CFC-Issued.jpg,472,248,629,428,0,0.9132788777351379,640,640
view_vulnerable_1562277815_10_4_2395+35TH+AV+SAN+FRANCISCO+Work-Complete-CFC-Issued.jpg,/home/ubuntu/EQanalytics/Data/Street_View_Images/vulnerable/Work-Complete-CFC-Issued/view_vulnerable_1562277815_10_4_2395+35TH+AV+SAN+FRANCISCO+Work-Complete-CFC-Issued.jpg,4,156,417,465,0,0.934131383895874,640,640
view_vulnerable_1562277806_10_3_101+PARNASSUS+AV+SAN+FRANCISCO+Work-Complete-CFC-Issued.jpg,/home/ubuntu/EQanalytics/Data/Street_View_Images/vulnerable/Work-Complete-CFC-Issued/view_vulnerable_1562277806_10_3_101+PARNASSUS+AV+SAN+FRANCISCO+Work-Complete-CFC-Issued.jpg,566,11,640,469,0,0.22644735872745514,640,640
view_vulnerable_1562277806_10_3_101+PARNASSUS+AV+SAN+FRANCISCO+Work-Complete-CFC-Issued.jpg,/home/ubuntu/EQanalytics/Data/Street_View_Images/vulnerable/Work-Complete-CFC-Issued/view_vulnerable_1562277806_10_3_101+PARNASSUS+AV+SAN+FRANCISCO+Work-Complete-CFC-Issued.jpg,85,0,640,478,0,0.9955681562423706,640,640
view_vulnerable_1562277820_10_3_36+OAKWOOD+ST+SAN+FRANCISCO+Work-Complete-CFC-Issued.jpg,/home/ubuntu/EQanalytics/Data/Street_View_Images/vulnerable/Work-Complete-CFC-Issued/view_vulnerable_1562277820_10_3_36+OAKWOOD+ST+SAN+FRANCISCO+Work-Complete-CFC-Issued.jpg,517,89,640,471,0,0.9709760546684265,640,640
view_vulnerable_1562277820_10_3_36+OAKWOOD+ST+SAN+FRANCISCO+Work-Complete-CFC-Issued.jpg,/home/ubuntu/EQanalytics/Data/Street_View_Images/vulnerable/Work-Complete-CFC-Issued/view_vulnerable_1562277820_10_3_36+OAKWOOD+ST+SAN+FRANCISCO+Work-Complete-CFC-Issued.jpg,0,137,563,460,0,0.9935181140899658,640,640
view_vulnerable_1562277824_10_3_501+28TH+AV+SAN+FRANCISCO+Work-Complete-CFC-Issued.jpg,/home/ubuntu/EQanalytics/Data/Street_View_Images/vulnerable/Work-Complete-CFC-Issued/view_vulnerable_1562277824_10_3_501+28TH+AV+SAN+FRANCISCO+Work-Complete-CFC-Issued.jpg,163,65,628,482,0,0.9775224924087524,640,640
view_vulnerable_1562277809_10_3_1630+SANCHEZ+ST+SAN+FRANCISCO+Work-Complete-CFC-Issued.jpg,/home/ubuntu/EQanalytics/Data/Street_View_Images/vulnerable/Work-Complete-CFC-Issued/view_vulnerable_1562277809_10_3_1630+SANCHEZ+ST+SAN+FRANCISCO+Work-Complete-CFC-Issued.jpg,31,197,266,450,0,0.29575836658477783,640,640
view_vulnerable_1562277809_10_3_1630+SANCHEZ+ST+SAN+FRANCISCO+Work-Complete-CFC-Issued.jpg,/home/ubuntu/EQanalytics/Data/Street_View_Images/vulnerable/Work-Complete-CFC-Issued/view_vulnerable_1562277809_10_3_1630+SANCHEZ+ST+SAN+FRANCISCO+Work-Complete-CFC-Issued.jpg,63,190,148,458,0,0.38728469610214233,640,640
view_vulnerable_1562277809_10_3_1630+SANCHEZ+ST+SAN+FRANCISCO+Work-Complete-CFC-Issued.jpg,/home/ubuntu/EQanalytics/Data/Street_View_Images/vulnerable/Work-Complete-CFC-Issued/view_vulnerable_1562277809_10_3_1630+SANCHEZ+ST+SAN+FRANCISCO+Work-Complete-CFC-Issued.jpg,0,223,59,463,0,0.5432352423667908,640,640
view_vulnerable_1562277809_10_3_1630+SANCHEZ+ST+SAN+FRANCISCO+Work-Complete-CFC-Issued.jpg,/home/ubuntu/EQanalytics/Data/Street_View_Images/vulnerable/Work-Complete-CFC-Issued/view_vulnerable_1562277809_10_3_1630+SANCHEZ+ST+SAN+FRANCISCO+Work-Complete-CFC-Issued.jpg,131,195,232,456,0,0.8473560214042664,640,640
view_vulnerable_1562277809_10_3_1630+SANCHEZ+ST+SAN+FRANCISCO+Work-Complete-CFC-Issued.jpg,/home/ubuntu/EQanalytics/Data/Street_View_Images/vulnerable/Work-Complete-CFC-Issued/view_vulnerable_1562277809_10_3_1630+SANCHEZ+ST+SAN+FRANCISCO+Work-Complete-CFC-Issued.jpg,488,216,640,469,0,0.8975467085838318,640,640
view_vulnerable_1562277809_10_3_1630+SANCHEZ+ST+SAN+FRANCISCO+Work-Complete-CFC-Issued.jpg,/home/ubuntu/EQanalytics/Data/Street_View_Images/vulnerable/Work-Complete-CFC-Issued/view_vulnerable_1562277809_10_3_1630+SANCHEZ+ST+SAN+FRANCISCO+Work-Complete-CFC-Issued.jpg,247,74,484,473,0,0.999316930770874,640,640
view_vulnerable_1562277828_10_3_895+24TH+AV+SAN+FRANCISCO+Work-Complete-CFC-Issued.jpg,/home/ubuntu/EQanalytics/Data/Street_View_Images/vulnerable/Work-Complete-CFC-Issued/view_vulnerable_1562277828_10_3_895+24TH+AV+SAN+FRANCISCO+Work-Complete-CFC-Issued.jpg,0,35,154,437,0,0.27872252464294434,640,640
view_vulnerable_1562277828_10_3_895+24TH+AV+SAN+FRANCISCO+Work-Complete-CFC-Issued.jpg,/home/ubuntu/EQanalytics/Data/Street_View_Images/vulnerable/Work-Complete-CFC-Issued/view_vulnerable_1562277828_10_3_895+24TH+AV+SAN+FRANCISCO+Work-Complete-CFC-Issued.jpg,173,0,624,493,0,0.9897322058677673,640,640
view_vulnerable_1562277810_10_3_1801+JACKSON+ST+SAN+FRANCISCO+Work-Complete-CFC-Issued.jpg,/home/ubuntu/EQanalytics/Data/Street_View_Images/vulnerable/Work-Complete-CFC-Issued/view_vulnerable_1562277810_10_3_1801+JACKSON+ST+SAN+FRANCISCO+Work-Complete-CFC-Issued.jpg,586,163,640,427,0,0.3039330542087555,640,640
view_vulnerable_1562277810_10_3_1801+JACKSON+ST+SAN+FRANCISCO+Work-Complete-CFC-Issued.jpg,/home/ubuntu/EQanalytics/Data/Street_View_Images/vulnerable/Work-Complete-CFC-Issued/view_vulnerable_1562277810_10_3_1801+JACKSON+ST+SAN+FRANCISCO+Work-Complete-CFC-Issued.jpg,309,143,604,421,0,0.9834417104721069,640,640
view_vulnerable_1562277815_10_3_2701+SACRAMENTO+ST+SAN+FRANCISCO+Work-Complete-CFC-Issued.jpg,/home/ubuntu/EQanalytics/Data/Street_View_Images/vulnerable/Work-Complete-CFC-Issued/view_vulnerable_1562277815_10_3_2701+SACRAMENTO+ST+SAN+FRANCISCO+Work-Complete-CFC-Issued.jpg,192,162,611,456,0,0.6662232875823975,640,640
view_vulnerable_1562277813_10_2_2080+GOUGH+ST+SAN+FRANCISCO+Work-Complete-CFC-Issued.jpg,/home/ubuntu/EQanalytics/Data/Street_View_Images/vulnerable/Work-Complete-CFC-Issued/view_vulnerable_1562277813_10_2_2080+GOUGH+ST+SAN+FRANCISCO+Work-Complete-CFC-Issued.jpg,373,175,629,493,0,0.3125004470348358,640,640
view_vulnerable_1562277813_10_2_2080+GOUGH+ST+SAN+FRANCISCO+Work-Complete-CFC-Issued.jpg,/home/ubuntu/EQanalytics/Data/Street_View_Images/vulnerable/Work-Complete-CFC-Issued/view_vulnerable_1562277813_10_2_2080+GOUGH+ST+SAN+FRANCISCO+Work-Complete-CFC-Issued.jpg,86,128,377,485,0,0.9916309714317322,640,640
view_vulnerable_1562277826_10_3_666+GREENWICH+ST+SAN+FRANCISCO+Work-Complete-CFC-Issued.jpg,/home/ubuntu/EQanalytics/Data/Street_View_Images/vulnerable/Work-Complete-CFC-Issued/view_vulnerable_1562277826_10_3_666+GREENWICH+ST+SAN+FRANCISCO+Work-Complete-CFC-Issued.jpg,580,100,640,431,0,0.30680933594703674,640,640
view_vulnerable_1562277826_10_3_666+GREENWICH+ST+SAN+FRANCISCO+Work-Complete-CFC-Issued.jpg,/home/ubuntu/EQanalytics/Data/Street_View_Images/vulnerable/Work-Complete-CFC-Issued/view_vulnerable_1562277826_10_3_666+GREENWICH+ST+SAN+FRANCISCO+Work-Complete-CFC-Issued.jpg,336,168,598,456,0,0.9947292804718018,640,640
view_vulnerable_1562277826_10_3_666+GREENWICH+ST+SAN+FRANCISCO+Work-Complete-CFC-Issued.jpg,/home/ubuntu/EQanalytics/Data/Street_View_Images/vulnerable/Work-Complete-CFC-Issued/view_vulnerable_1562277826_10_3_666+GREENWICH+ST+SAN+FRANCISCO+Work-Complete-CFC-Issued.jpg,0,140,370,481,0,0.9966117143630981,640,640
view_vulnerable_1562277816_10_3_295+BUCHANAN+ST+SAN+FRANCISCO+Work-Complete-CFC-Issued.jpg,/home/ubuntu/EQanalytics/Data/Street_View_Images/vulnerable/Work-Complete-CFC-Issued/view_vulnerable_1562277816_10_3_295+BUCHANAN+ST+SAN+FRANCISCO+Work-Complete-CFC-Issued.jpg,0,250,107,484,0,0.9653237462043762,640,640
view_vulnerable_1562277816_10_3_295+BUCHANAN+ST+SAN+FRANCISCO+Work-Complete-CFC-Issued.jpg,/home/ubuntu/EQanalytics/Data/Street_View_Images/vulnerable/Work-Complete-CFC-Issued/view_vulnerable_1562277816_10_3_295+BUCHANAN+ST+SAN+FRANCISCO+Work-Complete-CFC-Issued.jpg,76,157,640,458,0,0.9701465368270874,640,640
view_vulnerable_1562277808_10_3_1560+LA+PLAYA++SAN+FRANCISCO+Work-Complete-CFC-Issued.jpg,/home/ubuntu/EQanalytics/Data/Street_View_Images/vulnerable/Work-Complete-CFC-Issued/view_vulnerable_1562277808_10_3_1560+LA+PLAYA++SAN+FRANCISCO+Work-Complete-CFC-Issued.jpg,5,270,197,442,0,0.9756324291229248,640,640
view_vulnerable_1562277808_10_3_1560+LA+PLAYA++SAN+FRANCISCO+Work-Complete-CFC-Issued.jpg,/home/ubuntu/EQanalytics/Data/Street_View_Images/vulnerable/Work-Complete-CFC-Issued/view_vulnerable_1562277808_10_3_1560+LA+PLAYA++SAN+FRANCISCO+Work-Complete-CFC-Issued.jpg,187,262,357,453,0,0.9780129194259644,640,640
view_vulnerable_1562277808_10_3_1560+LA+PLAYA++SAN+FRANCISCO+Work-Complete-CFC-Issued.jpg,/home/ubuntu/EQanalytics/Data/Street_View_Images/vulnerable/Work-Complete-CFC-Issued/view_vulnerable_1562277808_10_3_1560+LA+PLAYA++SAN+FRANCISCO+Work-Complete-CFC-Issued.jpg,350,226,637,442,0,0.9817273020744324,640,640
view_vulnerable_1562277814_10_3_2390+43RD+AV+SAN+FRANCISCO+Work-Complete-CFC-Issued.jpg,/home/ubuntu/EQanalytics/Data/Street_View_Images/vulnerable/Work-Complete-CFC-Issued/view_vulnerable_1562277814_10_3_2390+43RD+AV+SAN+FRANCISCO+Work-Complete-CFC-Issued.jpg,6,181,640,481,0,0.13501963019371033,640,640
view_vulnerable_1562277814_10_3_2390+43RD+AV+SAN+FRANCISCO+Work-Complete-CFC-Issued.jpg,/home/ubuntu/EQanalytics/Data/Street_View_Images/vulnerable/Work-Complete-CFC-Issued/view_vulnerable_1562277814_10_3_2390+43RD+AV+SAN+FRANCISCO+Work-Complete-CFC-Issued.jpg,11,202,320,456,0,0.8593384027481079,640,640
view_vulnerable_1562277807_10_3_1336+GREEN+ST+SAN+FRANCISCO+Work-Complete-CFC-Issued.jpg,/home/ubuntu/EQanalytics/Data/Street_View_Images/vulnerable/Work-Complete-CFC-Issued/view_vulnerable_1562277807_10_3_1336+GREEN+ST+SAN+FRANCISCO+Work-Complete-CFC-Issued.jpg,3,228,24,453,0,0.32515978813171387,640,640
view_vulnerable_1562277807_10_3_1336+GREEN+ST+SAN+FRANCISCO+Work-Complete-CFC-Issued.jpg,/home/ubuntu/EQanalytics/Data/Street_View_Images/vulnerable/Work-Complete-CFC-Issued/view_vulnerable_1562277807_10_3_1336+GREEN+ST+SAN+FRANCISCO+Work-Complete-CFC-Issued.jpg,0,253,43,409,0,0.571794867515564,640,640
view_vulnerable_1562277807_10_3_1336+GREEN+ST+SAN+FRANCISCO+Work-Complete-CFC-Issued.jpg,/home/ubuntu/EQanalytics/Data/Street_View_Images/vulnerable/Work-Complete-CFC-Issued/view_vulnerable_1562277807_10_3_1336+GREEN+ST+SAN+FRANCISCO+Work-Complete-CFC-Issued.jpg,78,252,167,381,0,0.7836799621582031,640,640
view_vulnerable_1562277807_10_3_1336+GREEN+ST+SAN+FRANCISCO+Work-Complete-CFC-Issued.jpg,/home/ubuntu/EQanalytics/Data/Street_View_Images/vulnerable/Work-Complete-CFC-Issued/view_vulnerable_1562277807_10_3_1336+GREEN+ST+SAN+FRANCISCO+Work-Complete-CFC-Issued.jpg,494,149,630,349,0,0.971703827381134,640,640
view_vulnerable_1562277807_10_3_1336+GREEN+ST+SAN+FRANCISCO+Work-Complete-CFC-Issued.jpg,/home/ubuntu/EQanalytics/Data/Street_View_Images/vulnerable/Work-Complete-CFC-Issued/view_vulnerable_1562277807_10_3_1336+GREEN+ST+SAN+FRANCISCO+Work-Complete-CFC-Issued.jpg,166,170,297,368,0,0.991814374923706,640,640
view_vulnerable_1562277807_10_3_1336+GREEN+ST+SAN+FRANCISCO+Work-Complete-CFC-Issued.jpg,/home/ubuntu/EQanalytics/Data/Street_View_Images/vulnerable/Work-Complete-CFC-Issued/view_vulnerable_1562277807_10_3_1336+GREEN+ST+SAN+FRANCISCO+Work-Complete-CFC-Issued.jpg,324,135,463,367,0,0.994175374507904,640,640
view_vulnerable_1562277811_10_3_183+EUREKA+ST+SAN+FRANCISCO+Work-Complete-CFC-Issued.jpg,/home/ubuntu/EQanalytics/Data/Street_View_Images/vulnerable/Work-Complete-CFC-Issued/view_vulnerable_1562277811_10_3_183+EUREKA+ST+SAN+FRANCISCO+Work-Complete-CFC-Issued.jpg,589,92,639,405,0,0.28656867146492004,640,640
view_vulnerable_1562277811_10_3_183+EUREKA+ST+SAN+FRANCISCO+Work-Complete-CFC-Issued.jpg,/home/ubuntu/EQanalytics/Data/Street_View_Images/vulnerable/Work-Complete-CFC-Issued/view_vulnerable_1562277811_10_3_183+EUREKA+ST+SAN+FRANCISCO+Work-Complete-CFC-Issued.jpg,0,217,177,494,0,0.9929955005645752,640,640
view_vulnerable_1562277811_10_3_183+EUREKA+ST+SAN+FRANCISCO+Work-Complete-CFC-Issued.jpg,/home/ubuntu/EQanalytics/Data/Street_View_Images/vulnerable/Work-Complete-CFC-Issued/view_vulnerable_1562277811_10_3_183+EUREKA+ST+SAN+FRANCISCO+Work-Complete-CFC-Issued.jpg,179,155,608,454,0,0.9979472756385803,640,640
view_vulnerable_1562277809_10_3_1612+48TH+AV+SAN+FRANCISCO+Work-Complete-CFC-Issued.jpg,/home/ubuntu/EQanalytics/Data/Street_View_Images/vulnerable/Work-Complete-CFC-Issued/view_vulnerable_1562277809_10_3_1612+48TH+AV+SAN+FRANCISCO+Work-Complete-CFC-Issued.jpg,0,214,135,459,0,0.9484586119651794,640,640
view_vulnerable_1562277809_10_3_1612+48TH+AV+SAN+FRANCISCO+Work-Complete-CFC-Issued.jpg,/home/ubuntu/EQanalytics/Data/Street_View_Images/vulnerable/Work-Complete-CFC-Issued/view_vulnerable_1562277809_10_3_1612+48TH+AV+SAN+FRANCISCO+Work-Complete-CFC-Issued.jpg,151,146,640,458,0,0.9793717265129089,640,640
view_vulnerable_1562277827_10_3_828+ANZA+ST+SAN+FRANCISCO+Work-Complete-CFC-Issued.jpg,/home/ubuntu/EQanalytics/Data/Street_View_Images/vulnerable/Work-Complete-CFC-Issued/view_vulnerable_1562277827_10_3_828+ANZA+ST+SAN+FRANCISCO+Work-Complete-CFC-Issued.jpg,370,180,620,491,0,0.987333357334137,640,640
view_vulnerable_1562277827_10_3_828+ANZA+ST+SAN+FRANCISCO+Work-Complete-CFC-Issued.jpg,/home/ubuntu/EQanalytics/Data/Street_View_Images/vulnerable/Work-Complete-CFC-Issued/view_vulnerable_1562277827_10_3_828+ANZA+ST+SAN+FRANCISCO+Work-Complete-CFC-Issued.jpg,42,87,358,463,0,0.9973430037498474,640,640
view_vulnerable_1562277821_10_3_40+GAVEN+ST+SAN+FRANCISCO+Work-Complete-CFC-Issued.jpg,/home/ubuntu/EQanalytics/Data/Street_View_Images/vulnerable/Work-Complete-CFC-Issued/view_vulnerable_1562277821_10_3_40+GAVEN+ST+SAN+FRANCISCO+Work-Complete-CFC-Issued.jpg,0,179,182,490,0,0.7956134080886841,640,640
view_vulnerable_1562277821_10_3_40+GAVEN+ST+SAN+FRANCISCO+Work-Complete-CFC-Issued.jpg,/home/ubuntu/EQanalytics/Data/Street_View_Images/vulnerable/Work-Complete-CFC-Issued/view_vulnerable_1562277821_10_3_40+GAVEN+ST+SAN+FRANCISCO+Work-Complete-CFC-Issued.jpg,163,82,630,472,0,0.9855503439903259,640,640
view_vulnerable_1562277810_10_3_1635+BUSH+ST+SAN+FRANCISCO+Work-Complete-CFC-Issued.jpg,/home/ubuntu/EQanalytics/Data/Street_View_Images/vulnerable/Work-Complete-CFC-Issued/view_vulnerable_1562277810_10_3_1635+BUSH+ST+SAN+FRANCISCO+Work-Complete-CFC-Issued.jpg,29,236,189,459,0,0.3801673352718353,640,640
view_vulnerable_1562277810_10_3_1635+BUSH+ST+SAN+FRANCISCO+Work-Complete-CFC-Issued.jpg,/home/ubuntu/EQanalytics/Data/Street_View_Images/vulnerable/Work-Complete-CFC-Issued/view_vulnerable_1562277810_10_3_1635+BUSH+ST+SAN+FRANCISCO+Work-Complete-CFC-Issued.jpg,559,26,640,464,0,0.9634398818016052,640,640
view_vulnerable_1562277810_10_3_1635+BUSH+ST+SAN+FRANCISCO+Work-Complete-CFC-Issued.jpg,/home/ubuntu/EQanalytics/Data/Street_View_Images/vulnerable/Work-Complete-CFC-Issued/view_vulnerable_1562277810_10_3_1635+BUSH+ST+SAN+FRANCISCO+Work-Complete-CFC-Issued.jpg,151,200,584,480,0,0.9923723340034485,640,640
view_vulnerable_1562277819_10_3_3294+CLAY+ST+SAN+FRANCISCO+Work-Complete-CFC-Issued.jpg,/home/ubuntu/EQanalytics/Data/Street_View_Images/vulnerable/Work-Complete-CFC-Issued/view_vulnerable_1562277819_10_3_3294+CLAY+ST+SAN+FRANCISCO+Work-Complete-CFC-Issued.jpg,498,147,640,466,0,0.6138041019439697,640,640
view_vulnerable_1562277819_10_3_3294+CLAY+ST+SAN+FRANCISCO+Work-Complete-CFC-Issued.jpg,/home/ubuntu/EQanalytics/Data/Street_View_Images/vulnerable/Work-Complete-CFC-Issued/view_vulnerable_1562277819_10_3_3294+CLAY+ST+SAN+FRANCISCO+Work-Complete-CFC-Issued.jpg,23,91,520,441,0,0.9607974886894226,640,640
view_vulnerable_1562277806_10_3_1300+41ST+AV+SAN+FRANCISCO+Work-Complete-CFC-Issued.jpg,/home/ubuntu/EQanalytics/Data/Street_View_Images/vulnerable/Work-Complete-CFC-Issued/view_vulnerable_1562277806_10_3_1300+41ST+AV+SAN+FRANCISCO+Work-Complete-CFC-Issued.jpg,0,155,609,462,0,0.8805898427963257,640,640
view_vulnerable_1562277818_10_3_3232+TARAVAL+ST+SAN+FRANCISCO+Work-Complete-CFC-Issued.jpg,/home/ubuntu/EQanalytics/Data/Street_View_Images/vulnerable/Work-Complete-CFC-Issued/view_vulnerable_1562277818_10_3_3232+TARAVAL+ST+SAN+FRANCISCO+Work-Complete-CFC-Issued.jpg,0,120,640,541,0,0.20521828532218933,640,640
view_vulnerable_1562277818_10_3_3232+TARAVAL+ST+SAN+FRANCISCO+Work-Complete-CFC-Issued.jpg,/home/ubuntu/EQanalytics/Data/Street_View_Images/vulnerable/Work-Complete-CFC-Issued/view_vulnerable_1562277818_10_3_3232+TARAVAL+ST+SAN+FRANCISCO+Work-Complete-CFC-Issued.jpg,597,160,640,469,0,0.31658175587654114,640,640
view_vulnerable_1562277818_10_3_3232+TARAVAL+ST+SAN+FRANCISCO+Work-Complete-CFC-Issued.jpg,/home/ubuntu/EQanalytics/Data/Street_View_Images/vulnerable/Work-Complete-CFC-Issued/view_vulnerable_1562277818_10_3_3232+TARAVAL+ST+SAN+FRANCISCO+Work-Complete-CFC-Issued.jpg,0,154,49,563,0,0.5770973563194275,640,640
view_vulnerable_1562277818_10_3_3232+TARAVAL+ST+SAN+FRANCISCO+Work-Complete-CFC-Issued.jpg,/home/ubuntu/EQanalytics/Data/Street_View_Images/vulnerable/Work-Complete-CFC-Issued/view_vulnerable_1562277818_10_3_3232+TARAVAL+ST+SAN+FRANCISCO+Work-Complete-CFC-Issued.jpg,342,119,640,539,0,0.973430871963501,640,640
view_vulnerable_1562277818_10_3_3232+TARAVAL+ST+SAN+FRANCISCO+Work-Complete-CFC-Issued.jpg,/home/ubuntu/EQanalytics/Data/Street_View_Images/vulnerable/Work-Complete-CFC-Issued/view_vulnerable_1562277818_10_3_3232+TARAVAL+ST+SAN+FRANCISCO+Work-Complete-CFC-Issued.jpg,45,141,356,521,0,0.985901951789856,640,640
view_vulnerable_1562277829_10_3_949+FELL+ST+SAN+FRANCISCO+Work-Complete-CFC-Issued.jpg,/home/ubuntu/EQanalytics/Data/Street_View_Images/vulnerable/Work-Complete-CFC-Issued/view_vulnerable_1562277829_10_3_949+FELL+ST+SAN+FRANCISCO+Work-Complete-CFC-Issued.jpg,568,29,639,453,0,0.4000989496707916,640,640
view_vulnerable_1562277829_10_3_949+FELL+ST+SAN+FRANCISCO+Work-Complete-CFC-Issued.jpg,/home/ubuntu/EQanalytics/Data/Street_View_Images/vulnerable/Work-Complete-CFC-Issued/view_vulnerable_1562277829_10_3_949+FELL+ST+SAN+FRANCISCO+Work-Complete-CFC-Issued.jpg,0,0,590,491,0,0.9842293858528137,640,640
view_vulnerable_1562277812_10_4_1864+LARKIN+ST+SAN+FRANCISCO+Work-Complete-CFC-Issued.jpg,/home/ubuntu/EQanalytics/Data/Street_View_Images/vulnerable/Work-Complete-CFC-Issued/view_vulnerable_1562277812_10_4_1864+LARKIN+ST+SAN+FRANCISCO+Work-Complete-CFC-Issued.jpg,558,0,640,490,0,0.4243336319923401,640,640
view_vulnerable_1562277812_10_4_1864+LARKIN+ST+SAN+FRANCISCO+Work-Complete-CFC-Issued.jpg,/home/ubuntu/EQanalytics/Data/Street_View_Images/vulnerable/Work-Complete-CFC-Issued/view_vulnerable_1562277812_10_4_1864+LARKIN+ST+SAN+FRANCISCO+Work-Complete-CFC-Issued.jpg,2,95,105,461,0,0.9861591458320618,640,640
view_vulnerable_1562277812_10_4_1864+LARKIN+ST+SAN+FRANCISCO+Work-Complete-CFC-Issued.jpg,/home/ubuntu/EQanalytics/Data/Street_View_Images/vulnerable/Work-Complete-CFC-Issued/view_vulnerable_1562277812_10_4_1864+LARKIN+ST+SAN+FRANCISCO+Work-Complete-CFC-Issued.jpg,110,32,418,468,0,0.9897003769874573,640,640
view_vulnerable_1562277812_10_4_1864+LARKIN+ST+SAN+FRANCISCO+Work-Complete-CFC-Issued.jpg,/home/ubuntu/EQanalytics/Data/Street_View_Images/vulnerable/Work-Complete-CFC-Issued/view_vulnerable_1562277812_10_4_1864+LARKIN+ST+SAN+FRANCISCO+Work-Complete-CFC-Issued.jpg,400,19,640,457,0,0.9901648163795471,640,640
view_vulnerable_1562277808_10_3_1539+KIRKHAM+ST+SAN+FRANCISCO+Work-Complete-CFC-Issued.jpg,/home/ubuntu/EQanalytics/Data/Street_View_Images/vulnerable/Work-Complete-CFC-Issued/view_vulnerable_1562277808_10_3_1539+KIRKHAM+ST+SAN+FRANCISCO+Work-Complete-CFC-Issued.jpg,578,201,640,452,0,0.6788114309310913,640,640
view_vulnerable_1562277808_10_3_1539+KIRKHAM+ST+SAN+FRANCISCO+Work-Complete-CFC-Issued.jpg,/home/ubuntu/EQanalytics/Data/Street_View_Images/vulnerable/Work-Complete-CFC-Issued/view_vulnerable_1562277808_10_3_1539+KIRKHAM+ST+SAN+FRANCISCO+Work-Complete-CFC-Issued.jpg,0,140,101,414,0,0.7250049710273743,640,640
view_vulnerable_1562277808_10_3_1539+KIRKHAM+ST+SAN+FRANCISCO+Work-Complete-CFC-Issued.jpg,/home/ubuntu/EQanalytics/Data/Street_View_Images/vulnerable/Work-Complete-CFC-Issued/view_vulnerable_1562277808_10_3_1539+KIRKHAM+ST+SAN+FRANCISCO+Work-Complete-CFC-Issued.jpg,173,102,578,491,0,0.9925556778907776,640,640
view_vulnerable_1562277827_10_3_74+CRESTLINE+DR+SAN+FRANCISCO+Work-Complete-CFC-Issued.jpg,/home/ubuntu/EQanalytics/Data/Street_View_Images/vulnerable/Work-Complete-CFC-Issued/view_vulnerable_1562277827_10_3_74+CRESTLINE+DR+SAN+FRANCISCO+Work-Complete-CFC-Issued.jpg,0,111,80,479,0,0.37886980175971985,640,640
view_vulnerable_1562277827_10_3_74+CRESTLINE+DR+SAN+FRANCISCO+Work-Complete-CFC-Issued.jpg,/home/ubuntu/EQanalytics/Data/Street_View_Images/vulnerable/Work-Complete-CFC-Issued/view_vulnerable_1562277827_10_3_74+CRESTLINE+DR+SAN+FRANCISCO+Work-Complete-CFC-Issued.jpg,71,87,607,470,0,0.9243790507316589,640,640
view_vulnerable_1562277822_10_3_479+STEINER+ST+SAN+FRANCISCO+Work-Complete-CFC-Issued.jpg,/home/ubuntu/EQanalytics/Data/Street_View_Images/vulnerable/Work-Complete-CFC-Issued/view_vulnerable_1562277822_10_3_479+STEINER+ST+SAN+FRANCISCO+Work-Complete-CFC-Issued.jpg,0,111,640,498,0,0.9862356781959534,640,640
view_vulnerable_1562277825_10_3_630+LAKE+ST+SAN+FRANCISCO+Work-Complete-CFC-Issued.jpg,/home/ubuntu/EQanalytics/Data/Street_View_Images/vulnerable/Work-Complete-CFC-Issued/view_vulnerable_1562277825_10_3_630+LAKE+ST+SAN+FRANCISCO+Work-Complete-CFC-Issued.jpg,471,182,599,433,0,0.978396475315094,640,640
view_vulnerable_1562277825_10_3_630+LAKE+ST+SAN+FRANCISCO+Work-Complete-CFC-Issued.jpg,/home/ubuntu/EQanalytics/Data/Street_View_Images/vulnerable/Work-Complete-CFC-Issued/view_vulnerable_1562277825_10_3_630+LAKE+ST+SAN+FRANCISCO+Work-Complete-CFC-Issued.jpg,0,167,193,435,0,0.9935958981513977,640,640
view_vulnerable_1562277825_10_3_630+LAKE+ST+SAN+FRANCISCO+Work-Complete-CFC-Issued.jpg,/home/ubuntu/EQanalytics/Data/Street_View_Images/vulnerable/Work-Complete-CFC-Issued/view_vulnerable_1562277825_10_3_630+LAKE+ST+SAN+FRANCISCO+Work-Complete-CFC-Issued.jpg,196,114,451,447,0,0.9986857771873474,640,640
view_vulnerable_1562277829_10_2_90+HEATHER+AV+SAN+FRANCISCO+Work-Complete-CFC-Issued.jpg,/home/ubuntu/EQanalytics/Data/Street_View_Images/vulnerable/Work-Complete-CFC-Issued/view_vulnerable_1562277829_10_2_90+HEATHER+AV+SAN+FRANCISCO+Work-Complete-CFC-Issued.jpg,536,82,636,470,0,0.13903610408306122,640,640
view_vulnerable_1562277829_10_2_90+HEATHER+AV+SAN+FRANCISCO+Work-Complete-CFC-Issued.jpg,/home/ubuntu/EQanalytics/Data/Street_View_Images/vulnerable/Work-Complete-CFC-Issued/view_vulnerable_1562277829_10_2_90+HEATHER+AV+SAN+FRANCISCO+Work-Complete-CFC-Issued.jpg,11,36,592,497,0,0.9910392761230469,640,640
view_vulnerable_1562277812_10_3_1960+CALIFORNIA+ST+SAN+FRANCISCO+Work-Complete-CFC-Issued.jpg,/home/ubuntu/EQanalytics/Data/Street_View_Images/vulnerable/Work-Complete-CFC-Issued/view_vulnerable_1562277812_10_3_1960+CALIFORNIA+ST+SAN+FRANCISCO+Work-Complete-CFC-Issued.jpg,196,205,457,448,0,0.977586567401886,640,640
view_vulnerable_1562277812_10_3_1960+CALIFORNIA+ST+SAN+FRANCISCO+Work-Complete-CFC-Issued.jpg,/home/ubuntu/EQanalytics/Data/Street_View_Images/vulnerable/Work-Complete-CFC-Issued/view_vulnerable_1562277812_10_3_1960+CALIFORNIA+ST+SAN+FRANCISCO+Work-Complete-CFC-Issued.jpg,31,234,210,436,0,0.9854199290275574,640,640
view_vulnerable_1562277812_10_3_1960+CALIFORNIA+ST+SAN+FRANCISCO+Work-Complete-CFC-Issued.jpg,/home/ubuntu/EQanalytics/Data/Street_View_Images/vulnerable/Work-Complete-CFC-Issued/view_vulnerable_1562277812_10_3_1960+CALIFORNIA+ST+SAN+FRANCISCO+Work-Complete-CFC-Issued.jpg,446,261,620,458,0,0.9891282320022583,640,640
view_vulnerable_1562277805_10_3_1+LOWELL+ST+SAN+FRANCISCO+Work-Complete-CFC-Issued.jpg,/home/ubuntu/EQanalytics/Data/Street_View_Images/vulnerable/Work-Complete-CFC-Issued/view_vulnerable_1562277805_10_3_1+LOWELL+ST+SAN+FRANCISCO+Work-Complete-CFC-Issued.jpg,363,198,623,467,0,0.7761198878288269,640,640
view_vulnerable_1562277805_10_3_1+LOWELL+ST+SAN+FRANCISCO+Work-Complete-CFC-Issued.jpg,/home/ubuntu/EQanalytics/Data/Street_View_Images/vulnerable/Work-Complete-CFC-Issued/view_vulnerable_1562277805_10_3_1+LOWELL+ST+SAN+FRANCISCO+Work-Complete-CFC-Issued.jpg,0,191,377,493,0,0.9901594519615173,640,640
view_vulnerable_1562277818_10_3_325+26TH+AV+SAN+FRANCISCO+Work-Complete-CFC-Issued.jpg,/home/ubuntu/EQanalytics/Data/Street_View_Images/vulnerable/Work-Complete-CFC-Issued/view_vulnerable_1562277818_10_3_325+26TH+AV+SAN+FRANCISCO+Work-Complete-CFC-Issued.jpg,76,69,393,461,0,0.2282402217388153,640,640
view_vulnerable_1562277818_10_3_325+26TH+AV+SAN+FRANCISCO+Work-Complete-CFC-Issued.jpg,/home/ubuntu/EQanalytics/Data/Street_View_Images/vulnerable/Work-Complete-CFC-Issued/view_vulnerable_1562277818_10_3_325+26TH+AV+SAN+FRANCISCO+Work-Complete-CFC-Issued.jpg,584,153,639,474,0,0.3107071816921234,640,640
view_vulnerable_1562277818_10_3_325+26TH+AV+SAN+FRANCISCO+Work-Complete-CFC-Issued.jpg,/home/ubuntu/EQanalytics/Data/Street_View_Images/vulnerable/Work-Complete-CFC-Issued/view_vulnerable_1562277818_10_3_325+26TH+AV+SAN+FRANCISCO+Work-Complete-CFC-Issued.jpg,0,133,85,427,0,0.8741798996925354,640,640
view_vulnerable_1562277818_10_3_325+26TH+AV+SAN+FRANCISCO+Work-Complete-CFC-Issued.jpg,/home/ubuntu/EQanalytics/Data/Street_View_Images/vulnerable/Work-Complete-CFC-Issued/view_vulnerable_1562277818_10_3_325+26TH+AV+SAN+FRANCISCO+Work-Complete-CFC-Issued.jpg,23,38,640,507,0,0.9420415759086609,640,640
view_vulnerable_1562277822_10_3_50+CRESTLINE+DR+SAN+FRANCISCO+Work-Complete-CFC-Issued.jpg,/home/ubuntu/EQanalytics/Data/Street_View_Images/vulnerable/Work-Complete-CFC-Issued/view_vulnerable_1562277822_10_3_50+CRESTLINE+DR+SAN+FRANCISCO+Work-Complete-CFC-Issued.jpg,291,120,587,484,0,0.9471582174301147,640,640
view_vulnerable_1562277822_10_3_50+CRESTLINE+DR+SAN+FRANCISCO+Work-Complete-CFC-Issued.jpg,/home/ubuntu/EQanalytics/Data/Street_View_Images/vulnerable/Work-Complete-CFC-Issued/view_vulnerable_1562277822_10_3_50+CRESTLINE+DR+SAN+FRANCISCO+Work-Complete-CFC-Issued.jpg,0,102,288,457,0,0.9847355484962463,640,640
view_vulnerable_1562277824_10_3_601+45TH+AV+SAN+FRANCISCO+Work-Complete-CFC-Issued.jpg,/home/ubuntu/EQanalytics/Data/Street_View_Images/vulnerable/Work-Complete-CFC-Issued/view_vulnerable_1562277824_10_3_601+45TH+AV+SAN+FRANCISCO+Work-Complete-CFC-Issued.jpg,0,0,640,484,0,0.9664510488510132,640,640
view_vulnerable_1562277821_10_3_3945+20TH+ST+SAN+FRANCISCO+Work-Complete-CFC-Issued.jpg,/home/ubuntu/EQanalytics/Data/Street_View_Images/vulnerable/Work-Complete-CFC-Issued/view_vulnerable_1562277821_10_3_3945+20TH+ST+SAN+FRANCISCO+Work-Complete-CFC-Issued.jpg,0,107,557,484,0,0.9513311386108398,640,640
view_vulnerable_1562277821_10_3_3945+20TH+ST+SAN+FRANCISCO+Work-Complete-CFC-Issued.jpg,/home/ubuntu/EQanalytics/Data/Street_View_Images/vulnerable/Work-Complete-CFC-Issued/view_vulnerable_1562277821_10_3_3945+20TH+ST+SAN+FRANCISCO+Work-Complete-CFC-Issued.jpg,497,103,640,422,0,0.9865316152572632,640,640
view_vulnerable_1562277817_10_3_2985+PACIFIC+AV+SAN+FRANCISCO+Work-Complete-CFC-Issued.jpg,/home/ubuntu/EQanalytics/Data/Street_View_Images/vulnerable/Work-Complete-CFC-Issued/view_vulnerable_1562277817_10_3_2985+PACIFIC+AV+SAN+FRANCISCO+Work-Complete-CFC-Issued.jpg,11,178,254,475,0,0.9803498387336731,640,640
view_vulnerable_1562277817_10_3_2985+PACIFIC+AV+SAN+FRANCISCO+Work-Complete-CFC-Issued.jpg,/home/ubuntu/EQanalytics/Data/Street_View_Images/vulnerable/Work-Complete-CFC-Issued/view_vulnerable_1562277817_10_3_2985+PACIFIC+AV+SAN+FRANCISCO+Work-Complete-CFC-Issued.jpg,242,142,628,473,0,0.9994447827339172,640,640
view_vulnerable_1562277817_10_3_3151+FRANKLIN+ST+SAN+FRANCISCO+Work-Complete-CFC-Issued.jpg,/home/ubuntu/EQanalytics/Data/Street_View_Images/vulnerable/Work-Complete-CFC-Issued/view_vulnerable_1562277817_10_3_3151+FRANKLIN+ST+SAN+FRANCISCO+Work-Complete-CFC-Issued.jpg,526,190,638,432,0,0.9693465828895569,640,640
view_vulnerable_1562277817_10_3_3151+FRANKLIN+ST+SAN+FRANCISCO+Work-Complete-CFC-Issued.jpg,/home/ubuntu/EQanalytics/Data/Street_View_Images/vulnerable/Work-Complete-CFC-Issued/view_vulnerable_1562277817_10_3_3151+FRANKLIN+ST+SAN+FRANCISCO+Work-Complete-CFC-Issued.jpg,91,154,343,462,0,0.9884872436523438,640,640
view_vulnerable_1562277817_10_3_3151+FRANKLIN+ST+SAN+FRANCISCO+Work-Complete-CFC-Issued.jpg,/home/ubuntu/EQanalytics/Data/Street_View_Images/vulnerable/Work-Complete-CFC-Issued/view_vulnerable_1562277817_10_3_3151+FRANKLIN+ST+SAN+FRANCISCO+Work-Complete-CFC-Issued.jpg,1,217,96,453,0,0.989220142364502,640,640
view_vulnerable_1562277817_10_3_3151+FRANKLIN+ST+SAN+FRANCISCO+Work-Complete-CFC-Issued.jpg,/home/ubuntu/EQanalytics/Data/Street_View_Images/vulnerable/Work-Complete-CFC-Issued/view_vulnerable_1562277817_10_3_3151+FRANKLIN+ST+SAN+FRANCISCO+Work-Complete-CFC-Issued.jpg,331,180,531,434,0,0.997259795665741,640,640
view_vulnerable_1562277834_10_3_278+27TH+AV+SAN+FRANCISCO+Permit-Submitted-CFC-Required-by-9-15-19.jpg,/home/ubuntu/EQanalytics/Data/Street_View_Images/vulnerable/Permit-Submitted-CFC-Required-by-9-15-19/view_vulnerable_1562277834_10_3_278+27TH+AV+SAN+FRANCISCO+Permit-Submitted-CFC-Required-by-9-15-19.jpg,0,188,95,462,0,0.9374889731407166,640,640
view_vulnerable_1562277834_10_3_278+27TH+AV+SAN+FRANCISCO+Permit-Submitted-CFC-Required-by-9-15-19.jpg,/home/ubuntu/EQanalytics/Data/Street_View_Images/vulnerable/Permit-Submitted-CFC-Required-by-9-15-19/view_vulnerable_1562277834_10_3_278+27TH+AV+SAN+FRANCISCO+Permit-Submitted-CFC-Required-by-9-15-19.jpg,435,198,634,470,0,0.9828957915306091,640,640
view_vulnerable_1562277834_10_3_278+27TH+AV+SAN+FRANCISCO+Permit-Submitted-CFC-Required-by-9-15-19.jpg,/home/ubuntu/EQanalytics/Data/Street_View_Images/vulnerable/Permit-Submitted-CFC-Required-by-9-15-19/view_vulnerable_1562277834_10_3_278+27TH+AV+SAN+FRANCISCO+Permit-Submitted-CFC-Required-by-9-15-19.jpg,82,159,452,449,0,0.997946560382843,640,640
view_vulnerable_1562277833_10_3_2605+MARKET+ST+SAN+FRANCISCO+Permit-Submitted-CFC-Required-by-9-15-19.jpg,/home/ubuntu/EQanalytics/Data/Street_View_Images/vulnerable/Permit-Submitted-CFC-Required-by-9-15-19/view_vulnerable_1562277833_10_3_2605+MARKET+ST+SAN+FRANCISCO+Permit-Submitted-CFC-Required-by-9-15-19.jpg,20,68,398,484,0,0.13246895372867584,640,640
view_vulnerable_1562277833_10_3_2605+MARKET+ST+SAN+FRANCISCO+Permit-Submitted-CFC-Required-by-9-15-19.jpg,/home/ubuntu/EQanalytics/Data/Street_View_Images/vulnerable/Permit-Submitted-CFC-Required-by-9-15-19/view_vulnerable_1562277833_10_3_2605+MARKET+ST+SAN+FRANCISCO+Permit-Submitted-CFC-Required-by-9-15-19.jpg,0,36,640,509,0,0.9880497455596924,640,640
view_vulnerable_1562277840_10_3_725+CORBETT+AV+SAN+FRANCISCO+Permit-Submitted-CFC-Required-by-9-15-19.jpg,/home/ubuntu/EQanalytics/Data/Street_View_Images/vulnerable/Permit-Submitted-CFC-Required-by-9-15-19/view_vulnerable_1562277840_10_3_725+CORBETT+AV+SAN+FRANCISCO+Permit-Submitted-CFC-Required-by-9-15-19.jpg,0,341,270,480,0,0.13827642798423767,640,640
view_vulnerable_1562277840_10_3_725+CORBETT+AV+SAN+FRANCISCO+Permit-Submitted-CFC-Required-by-9-15-19.jpg,/home/ubuntu/EQanalytics/Data/Street_View_Images/vulnerable/Permit-Submitted-CFC-Required-by-9-15-19/view_vulnerable_1562277840_10_3_725+CORBETT+AV+SAN+FRANCISCO+Permit-Submitted-CFC-Required-by-9-15-19.jpg,4,193,640,472,0,0.25062650442123413,640,640
view_vulnerable_1562277838_10_3_4645+BALBOA+ST+SAN+FRANCISCO+Permit-Submitted-CFC-Required-by-9-15-19.jpg,/home/ubuntu/EQanalytics/Data/Street_View_Images/vulnerable/Permit-Submitted-CFC-Required-by-9-15-19/view_vulnerable_1562277838_10_3_4645+BALBOA+ST+SAN+FRANCISCO+Permit-Submitted-CFC-Required-by-9-15-19.jpg,0,150,53,381,0,0.42131727933883667,640,640
view_vulnerable_1562277838_10_3_4645+BALBOA+ST+SAN+FRANCISCO+Permit-Submitted-CFC-Required-by-9-15-19.jpg,/home/ubuntu/EQanalytics/Data/Street_View_Images/vulnerable/Permit-Submitted-CFC-Required-by-9-15-19/view_vulnerable_1562277838_10_3_4645+BALBOA+ST+SAN+FRANCISCO+Permit-Submitted-CFC-Required-by-9-15-19.jpg,0,173,640,493,0,0.8574458360671997,640,640
view_vulnerable_1562277836_10_3_3590+WASHINGTON+ST+SAN+FRANCISCO+Permit-Submitted-CFC-Required-by-9-15-19.jpg,/home/ubuntu/EQanalytics/Data/Street_View_Images/vulnerable/Permit-Submitted-CFC-Required-by-9-15-19/view_vulnerable_1562277836_10_3_3590+WASHINGTON+ST+SAN+FRANCISCO+Permit-Submitted-CFC-Required-by-9-15-19.jpg,208,143,580,458,0,0.789282500743866,640,640
view_vulnerable_1562277830_10_3_1000+ASHBURY+ST+SAN+FRANCISCO+Permit-Submitted-CFC-Required-by-9-15-19.jpg,/home/ubuntu/EQanalytics/Data/Street_View_Images/vulnerable/Permit-Submitted-CFC-Required-by-9-15-19/view_vulnerable_1562277830_10_3_1000+ASHBURY+ST+SAN+FRANCISCO+Permit-Submitted-CFC-Required-by-9-15-19.jpg,1,159,93,466,0,0.24963097274303436,640,640
view_vulnerable_1562277830_10_3_1000+ASHBURY+ST+SAN+FRANCISCO+Permit-Submitted-CFC-Required-by-9-15-19.jpg,/home/ubuntu/EQanalytics/Data/Street_View_Images/vulnerable/Permit-Submitted-CFC-Required-by-9-15-19/view_vulnerable_1562277830_10_3_1000+ASHBURY+ST+SAN+FRANCISCO+Permit-Submitted-CFC-Required-by-9-15-19.jpg,47,115,507,486,0,0.9524899125099182,640,640
view_vulnerable_1562277830_10_3_1000+ASHBURY+ST+SAN+FRANCISCO+Permit-Submitted-CFC-Required-by-9-15-19.jpg,/home/ubuntu/EQanalytics/Data/Street_View_Images/vulnerable/Permit-Submitted-CFC-Required-by-9-15-19/view_vulnerable_1562277830_10_3_1000+ASHBURY+ST+SAN+FRANCISCO+Permit-Submitted-CFC-Required-by-9-15-19.jpg,555,0,636,496,0,0.9695645570755005,640,640
view_vulnerable_1562277838_10_3_4211+MORAGA+ST+SAN+FRANCISCO+Permit-Submitted-CFC-Required-by-9-15-19.jpg,/home/ubuntu/EQanalytics/Data/Street_View_Images/vulnerable/Permit-Submitted-CFC-Required-by-9-15-19/view_vulnerable_1562277838_10_3_4211+MORAGA+ST+SAN+FRANCISCO+Permit-Submitted-CFC-Required-by-9-15-19.jpg,0,277,166,417,0,0.37448301911354065,640,640
view_vulnerable_1562277838_10_3_4211+MORAGA+ST+SAN+FRANCISCO+Permit-Submitted-CFC-Required-by-9-15-19.jpg,/home/ubuntu/EQanalytics/Data/Street_View_Images/vulnerable/Permit-Submitted-CFC-Required-by-9-15-19/view_vulnerable_1562277838_10_3_4211+MORAGA+ST+SAN+FRANCISCO+Permit-Submitted-CFC-Required-by-9-15-19.jpg,0,282,63,412,0,0.42095422744750977,640,640
view_vulnerable_1562277838_10_3_4211+MORAGA+ST+SAN+FRANCISCO+Permit-Submitted-CFC-Required-by-9-15-19.jpg,/home/ubuntu/EQanalytics/Data/Street_View_Images/vulnerable/Permit-Submitted-CFC-Required-by-9-15-19/view_vulnerable_1562277838_10_3_4211+MORAGA+ST+SAN+FRANCISCO+Permit-Submitted-CFC-Required-by-9-15-19.jpg,463,274,640,443,0,0.8618059754371643,640,640
view_vulnerable_1562277838_10_3_4211+MORAGA+ST+SAN+FRANCISCO+Permit-Submitted-CFC-Required-by-9-15-19.jpg,/home/ubuntu/EQanalytics/Data/Street_View_Images/vulnerable/Permit-Submitted-CFC-Required-by-9-15-19/view_vulnerable_1562277838_10_3_4211+MORAGA+ST+SAN+FRANCISCO+Permit-Submitted-CFC-Required-by-9-15-19.jpg,180,232,423,435,0,0.9971907138824463,640,640
view_vulnerable_1562277837_10_3_3856+19TH+ST+SAN+FRANCISCO+Permit-Submitted-CFC-Required-by-9-15-19.jpg,/home/ubuntu/EQanalytics/Data/Street_View_Images/vulnerable/Permit-Submitted-CFC-Required-by-9-15-19/view_vulnerable_1562277837_10_3_3856+19TH+ST+SAN+FRANCISCO+Permit-Submitted-CFC-Required-by-9-15-19.jpg,497,167,640,460,0,0.18579696118831635,640,640
view_vulnerable_1562277837_10_3_3856+19TH+ST+SAN+FRANCISCO+Permit-Submitted-CFC-Required-by-9-15-19.jpg,/home/ubuntu/EQanalytics/Data/Street_View_Images/vulnerable/Permit-Submitted-CFC-Required-by-9-15-19/view_vulnerable_1562277837_10_3_3856+19TH+ST+SAN+FRANCISCO+Permit-Submitted-CFC-Required-by-9-15-19.jpg,251,146,617,468,0,0.8440859913825989,640,640
view_vulnerable_1562277837_10_3_3856+19TH+ST+SAN+FRANCISCO+Permit-Submitted-CFC-Required-by-9-15-19.jpg,/home/ubuntu/EQanalytics/Data/Street_View_Images/vulnerable/Permit-Submitted-CFC-Required-by-9-15-19/view_vulnerable_1562277837_10_3_3856+19TH+ST+SAN+FRANCISCO+Permit-Submitted-CFC-Required-by-9-15-19.jpg,12,63,260,475,0,0.9195847511291504,640,640
view_vulnerable_1562277835_10_3_313+30TH+ST+SAN+FRANCISCO+Permit-Submitted-CFC-Required-by-9-15-19.jpg,/home/ubuntu/EQanalytics/Data/Street_View_Images/vulnerable/Permit-Submitted-CFC-Required-by-9-15-19/view_vulnerable_1562277835_10_3_313+30TH+ST+SAN+FRANCISCO+Permit-Submitted-CFC-Required-by-9-15-19.jpg,31,227,237,445,0,0.9928447604179382,640,640
view_vulnerable_1562277835_10_3_313+30TH+ST+SAN+FRANCISCO+Permit-Submitted-CFC-Required-by-9-15-19.jpg,/home/ubuntu/EQanalytics/Data/Street_View_Images/vulnerable/Permit-Submitted-CFC-Required-by-9-15-19/view_vulnerable_1562277835_10_3_313+30TH+ST+SAN+FRANCISCO+Permit-Submitted-CFC-Required-by-9-15-19.jpg,258,194,408,416,0,0.9934476613998413,640,640
view_vulnerable_1562277835_10_3_313+30TH+ST+SAN+FRANCISCO+Permit-Submitted-CFC-Required-by-9-15-19.jpg,/home/ubuntu/EQanalytics/Data/Street_View_Images/vulnerable/Permit-Submitted-CFC-Required-by-9-15-19/view_vulnerable_1562277835_10_3_313+30TH+ST+SAN+FRANCISCO+Permit-Submitted-CFC-Required-by-9-15-19.jpg,435,240,631,446,0,0.9972352981567383,640,640
view_vulnerable_1562277840_10_3_740+MONTEREY+BL+SAN+FRANCISCO+Permit-Submitted-CFC-Required-by-9-15-19.jpg,/home/ubuntu/EQanalytics/Data/Street_View_Images/vulnerable/Permit-Submitted-CFC-Required-by-9-15-19/view_vulnerable_1562277840_10_3_740+MONTEREY+BL+SAN+FRANCISCO+Permit-Submitted-CFC-Required-by-9-15-19.jpg,300,94,626,497,0,0.1000286191701889,640,640
view_vulnerable_1562277840_10_3_740+MONTEREY+BL+SAN+FRANCISCO+Permit-Submitted-CFC-Required-by-9-15-19.jpg,/home/ubuntu/EQanalytics/Data/Street_View_Images/vulnerable/Permit-Submitted-CFC-Required-by-9-15-19/view_vulnerable_1562277840_10_3_740+MONTEREY+BL+SAN+FRANCISCO+Permit-Submitted-CFC-Required-by-9-15-19.jpg,0,85,605,462,0,0.9611340761184692,640,640
view_vulnerable_1562277832_10_3_1400+39TH+AV+SAN+FRANCISCO+Permit-Submitted-CFC-Required-by-9-15-19.jpg,/home/ubuntu/EQanalytics/Data/Street_View_Images/vulnerable/Permit-Submitted-CFC-Required-by-9-15-19/view_vulnerable_1562277832_10_3_1400+39TH+AV+SAN+FRANCISCO+Permit-Submitted-CFC-Required-by-9-15-19.jpg,536,254,638,433,0,0.4806850850582123,640,640
view_vulnerable_1562277832_10_3_1400+39TH+AV+SAN+FRANCISCO+Permit-Submitted-CFC-Required-by-9-15-19.jpg,/home/ubuntu/EQanalytics/Data/Street_View_Images/vulnerable/Permit-Submitted-CFC-Required-by-9-15-19/view_vulnerable_1562277832_10_3_1400+39TH+AV+SAN+FRANCISCO+Permit-Submitted-CFC-Required-by-9-15-19.jpg,0,170,374,451,0,0.9626073837280273,640,640
view_vulnerable_1562277832_10_3_1925+CHESTNUT+ST++SAN+FRANCISCO+Permit-Submitted-CFC-Required-by-9-15-19.jpg,/home/ubuntu/EQanalytics/Data/Street_View_Images/vulnerable/Permit-Submitted-CFC-Required-by-9-15-19/view_vulnerable_1562277832_10_3_1925+CHESTNUT+ST++SAN+FRANCISCO+Permit-Submitted-CFC-Required-by-9-15-19.jpg,0,128,151,482,0,0.8974127769470215,640,640
view_vulnerable_1562277832_10_3_1925+CHESTNUT+ST++SAN+FRANCISCO+Permit-Submitted-CFC-Required-by-9-15-19.jpg,/home/ubuntu/EQanalytics/Data/Street_View_Images/vulnerable/Permit-Submitted-CFC-Required-by-9-15-19/view_vulnerable_1562277832_10_3_1925+CHESTNUT+ST++SAN+FRANCISCO+Permit-Submitted-CFC-Required-by-9-15-19.jpg,194,154,598,451,0,0.999190092086792,640,640
view_vulnerable_1562277831_10_3_1069+CAPP+ST+SAN+FRANCISCO+Permit-Submitted-CFC-Required-by-9-15-19.jpg,/home/ubuntu/EQanalytics/Data/Street_View_Images/vulnerable/Permit-Submitted-CFC-Required-by-9-15-19/view_vulnerable_1562277831_10_3_1069+CAPP+ST+SAN+FRANCISCO+Permit-Submitted-CFC-Required-by-9-15-19.jpg,558,197,639,483,0,0.21214701235294342,640,640
view_vulnerable_1562277831_10_3_1069+CAPP+ST+SAN+FRANCISCO+Permit-Submitted-CFC-Required-by-9-15-19.jpg,/home/ubuntu/EQanalytics/Data/Street_View_Images/vulnerable/Permit-Submitted-CFC-Required-by-9-15-19/view_vulnerable_1562277831_10_3_1069+CAPP+ST+SAN+FRANCISCO+Permit-Submitted-CFC-Required-by-9-15-19.jpg,0,85,205,506,0,0.9948211908340454,640,640
view_vulnerable_1562277831_10_3_1069+CAPP+ST+SAN+FRANCISCO+Permit-Submitted-CFC-Required-by-9-15-19.jpg,/home/ubuntu/EQanalytics/Data/Street_View_Images/vulnerable/Permit-Submitted-CFC-Required-by-9-15-19/view_vulnerable_1562277831_10_3_1069+CAPP+ST+SAN+FRANCISCO+Permit-Submitted-CFC-Required-by-9-15-19.jpg,191,14,559,514,0,0.9957975745201111,640,640
view_vulnerable_1562277839_10_3_4715+BALBOA+ST+SAN+FRANCISCO+Permit-Submitted-CFC-Required-by-9-15-19.jpg,/home/ubuntu/EQanalytics/Data/Street_View_Images/vulnerable/Permit-Submitted-CFC-Required-by-9-15-19/view_vulnerable_1562277839_10_3_4715+BALBOA+ST+SAN+FRANCISCO+Permit-Submitted-CFC-Required-by-9-15-19.jpg,83,218,523,436,0,0.9841291904449463,640,640
view_vulnerable_1562277837_10_3_3801+IRVING+ST+SAN+FRANCISCO+Permit-Submitted-CFC-Required-by-9-15-19.jpg,/home/ubuntu/EQanalytics/Data/Street_View_Images/vulnerable/Permit-Submitted-CFC-Required-by-9-15-19/view_vulnerable_1562277837_10_3_3801+IRVING+ST+SAN+FRANCISCO+Permit-Submitted-CFC-Required-by-9-15-19.jpg,218,216,638,440,0,0.9827461838722229,640,640
view_vulnerable_1562277844_10_0_410+FAIR+OAKS+ST+SAN+FRANCISCO+Exempt-from-the-Program.jpg,/home/ubuntu/EQanalytics/Data/Street_View_Images/vulnerable/Exempt-from-the-Program/view_vulnerable_1562277844_10_0_410+FAIR+OAKS+ST+SAN+FRANCISCO+Exempt-from-the-Program.jpg,456,156,593,337,0,0.9763773083686829,640,640
view_vulnerable_1562277844_10_0_410+FAIR+OAKS+ST+SAN+FRANCISCO+Exempt-from-the-Program.jpg,/home/ubuntu/EQanalytics/Data/Street_View_Images/vulnerable/Exempt-from-the-Program/view_vulnerable_1562277844_10_0_410+FAIR+OAKS+ST+SAN+FRANCISCO+Exempt-from-the-Program.jpg,25,127,179,333,0,0.9784548282623291,640,640
view_vulnerable_1562277844_10_0_410+FAIR+OAKS+ST+SAN+FRANCISCO+Exempt-from-the-Program.jpg,/home/ubuntu/EQanalytics/Data/Street_View_Images/vulnerable/Exempt-from-the-Program/view_vulnerable_1562277844_10_0_410+FAIR+OAKS+ST+SAN+FRANCISCO+Exempt-from-the-Program.jpg,192,116,460,350,0,0.9818022847175598,640,640
view_vulnerable_1562277844_10_0_500+OAK+ST+SAN+FRANCISCO+Exempt-from-the-Program.jpg,/home/ubuntu/EQanalytics/Data/Street_View_Images/vulnerable/Exempt-from-the-Program/view_vulnerable_1562277844_10_0_500+OAK+ST+SAN+FRANCISCO+Exempt-from-the-Program.jpg,0,96,640,508,0,0.9790869355201721,640,640
view_vulnerable_1562277846_10_3_1800+20TH+AV+SAN+FRANCISCO+Work-Complete-No-CFC-Issued-yet.jpg,/home/ubuntu/EQanalytics/Data/Street_View_Images/vulnerable/Work-Complete-No-CFC-Issued-yet/view_vulnerable_1562277846_10_3_1800+20TH+AV+SAN+FRANCISCO+Work-Complete-No-CFC-Issued-yet.jpg,105,178,319,452,0,0.11543381214141846,640,640
view_vulnerable_1562277846_10_3_1800+20TH+AV+SAN+FRANCISCO+Work-Complete-No-CFC-Issued-yet.jpg,/home/ubuntu/EQanalytics/Data/Street_View_Images/vulnerable/Work-Complete-No-CFC-Issued-yet/view_vulnerable_1562277846_10_3_1800+20TH+AV+SAN+FRANCISCO+Work-Complete-No-CFC-Issued-yet.jpg,5,338,93,411,0,0.16268427670001984,640,640
view_vulnerable_1562277846_10_3_1800+20TH+AV+SAN+FRANCISCO+Work-Complete-No-CFC-Issued-yet.jpg,/home/ubuntu/EQanalytics/Data/Street_View_Images/vulnerable/Work-Complete-No-CFC-Issued-yet/view_vulnerable_1562277846_10_3_1800+20TH+AV+SAN+FRANCISCO+Work-Complete-No-CFC-Issued-yet.jpg,402,133,640,465,0,0.40112513303756714,640,640
view_vulnerable_1562277846_10_3_1800+20TH+AV+SAN+FRANCISCO+Work-Complete-No-CFC-Issued-yet.jpg,/home/ubuntu/EQanalytics/Data/Street_View_Images/vulnerable/Work-Complete-No-CFC-Issued-yet/view_vulnerable_1562277846_10_3_1800+20TH+AV+SAN+FRANCISCO+Work-Complete-No-CFC-Issued-yet.jpg,111,145,621,462,0,0.48885348439216614,640,640
view_vulnerable_1562277845_10_2_1576+GREAT+HY+SAN+FRANCISCO+Non-Compliant.jpg,/home/ubuntu/EQanalytics/Data/Street_View_Images/vulnerable/Non-Compliant/view_vulnerable_1562277845_10_2_1576+GREAT+HY+SAN+FRANCISCO+Non-Compliant.jpg,523,295,603,416,0,0.49365201592445374,640,640
view_vulnerable_1562277845_10_2_1576+GREAT+HY+SAN+FRANCISCO+Non-Compliant.jpg,/home/ubuntu/EQanalytics/Data/Street_View_Images/vulnerable/Non-Compliant/view_vulnerable_1562277845_10_2_1576+GREAT+HY+SAN+FRANCISCO+Non-Compliant.jpg,0,247,75,440,0,0.7343607544898987,640,640
view_vulnerable_1562277845_10_2_1576+GREAT+HY+SAN+FRANCISCO+Non-Compliant.jpg,/home/ubuntu/EQanalytics/Data/Street_View_Images/vulnerable/Non-Compliant/view_vulnerable_1562277845_10_2_1576+GREAT+HY+SAN+FRANCISCO+Non-Compliant.jpg,57,191,485,429,0,0.9822730422019958,640,640
